{"quantizer":{"level":32},"systemOptions":{"systemOrder":5,"osr":12},"coefficient":{"b1":{"fixedValue":0.15063323944308152,"active":true},"a1":{"fixedValue":-0.15063323944308385,"active":true},"c1":{"fixedValue":2.2036973271493259,"active":true},"e32":{"fixedValue":-0.015735711104560419,"active":true},"c2":{"fixedValue":1.262911131867706,"active":true},"c3":{"fixedValue":1.0263592848909862,"active":true},"e54":{"fixedValue":-0.092081218228062076,"active":true},"c4":{"fixedValue":0.61121639469927769,"active":true},"d16":{"fixedValue":12.510371018187641,"active":true},"d26":{"fixedValue":7.262583987097404,"active":true},"d36":{"fixedValue":4.9124842994616822,"active":true},"d46":{"fixedValue":2.5306297754661409,"active":true},"c5":{"fixedValue":0.80087100868074712,"active":true}}}