{"quantizer":{"level":16},"systemOptions":{"systemOrder":4,"osr":16},"coefficient":{"b1":{"fixedValue":0.13212229745347692,"active":true},"a1":{"fixedValue":-0.12974853970936021,"active":true},"a2":{"fixedValue":-0.18073061166496915,"active":true},"a3":{"fixedValue":-0.20021385076848391,"active":true},"a4":{"fixedValue":-0.22908284704368417,"active":true},"e21":{"fixedValue":-0.0094464650802720089,"active":true},"c1":{"fixedValue":0.47173691421954966,"active":true},"c2":{"fixedValue":0.80770448369154946,"active":true},"e43":{"fixedValue":-0.021482131127446191,"active":true},"c3":{"fixedValue":1.3308411531991444,"active":true},"c4":{"fixedValue":7.81052821467155,"active":true}}}