{
    "quantizer": {
        "level": 32
    },
    "systemOptions": {
        "systemOrder": 5,
        "osr": 12
    },
    "coefficient": {
        "b1": {
            "fixedValue": 0.16759302890972641,
            "active": true
        },
        "a1": {
            "fixedValue": -0.1675930289097852,
            "active": true
        },
        "c1": {
            "fixedValue": 2.0724417412962959,
            "active": true
        },
        "e32": {
            "fixedValue": -0.0180434270003064,
            "active": true
        },
        "c2": {
            "fixedValue": 1.1013874870592022,
            "active": true
        },
        "c3": {
            "fixedValue": 0.93435443193379475,
            "active": true
        },
        "e54": {
            "fixedValue": -0.0963581849943156,
            "active": true
        },
        "c4": {
            "fixedValue": 0.58408686535755838,
            "active": true
        },
        "d16": {
            "fixedValue": 10.825530991006097,
            "active": true
        },
        "d26": {
            "fixedValue": 6.3574504980467541,
            "active": true
        },
        "d36": {
            "fixedValue": 4.6628110458778016,
            "active": true
        },
        "d46": {
            "fixedValue": 2.4926077749676492,
            "active": true
        },
        "c5": {
            "fixedValue": 0.754209989910279,
            "active": true
        }
    }
}
