{"quantizer":{"level":32},"systemOptions":{"systemOrder":5,"osr":12,"umax":1},"coefficient":{"b1":{"fixedValue":0.10672890489944055,"active":true},"a1":{"fixedValue":-0.10672890489947888,"active":true},"a2":{"fixedValue":-0.14447771974983559,"active":true},"a3":{"fixedValue":-0.16004621564373722,"active":true},"a4":{"fixedValue":-0.17179070696747736,"active":true},"a5":{"fixedValue":-0.19849217461332921,"active":true},"c1":{"fixedValue":0.3621762513584102,"active":true},"e32":{"fixedValue":-0.034829891292604942,"active":true},"c2":{"fixedValue":0.57056752072100225,"active":true},"c3":{"fixedValue":0.91671696000254188,"active":true},"e54":{"fixedValue":-0.040022684733771886,"active":true},"c4":{"fixedValue":1.4062412504122217,"active":true},"c5":{"fixedValue":9.1403277326864831,"active":true}}}
